Name,Length,Directory
Realtest0.png,64635,C:\Users\Michael\Desktop\Michael All\VS_Projects\Senior Project II\DFDetect03\Feature1_datatest
Realtest1.png,64781,C:\Users\Michael\Desktop\Michael All\VS_Projects\Senior Project II\DFDetect03\Feature1_datatest
Realtest10.png,68432,C:\Users\Michael\Desktop\Michael All\VS_Projects\Senior Project II\DFDetect03\Feature1_datatest
Realtest100.png,65047,C:\Users\Michael\Desktop\Michael All\VS_Projects\Senior Project II\DFDetect03\Feature1_datatest
Realtest101.png,65694,C:\Users\Michael\Desktop\Michael All\VS_Projects\Senior Project II\DFDetect03\Feature1_datatest
Realtest102.png,66572,C:\Users\Michael\Desktop\Michael All\VS_Projects\Senior Project II\DFDetect03\Feature1_datatest
Realtest103.png,66837,C:\Users\Michael\Desktop\Michael All\VS_Projects\Senior Project II\DFDetect03\Feature1_datatest
Realtest104.png,67073,C:\Users\Michael\Desktop\Michael All\VS_Projects\Senior Project II\DFDetect03\Feature1_datatest
Realtest105.png,66662,C:\Users\Michael\Desktop\Michael All\VS_Projects\Senior Project II\DFDetect03\Feature1_datatest
Realtest106.png,66566,C:\Users\Michael\Desktop\Michael All\VS_Projects\Senior Project II\DFDetect03\Feature1_datatest
Realtest107.png,67687,C:\Users\Michael\Desktop\Michael All\VS_Projects\Senior Project II\DFDetect03\Feature1_datatest
Realtest108.png,67766,C:\Users\Michael\Desktop\Michael All\VS_Projects\Senior Project II\DFDetect03\Feature1_datatest
Realtest109.png,67267,C:\Users\Michael\Desktop\Michael All\VS_Projects\Senior Project II\DFDetect03\Feature1_datatest
Realtest11.png,68469,C:\Users\Michael\Desktop\Michael All\VS_Projects\Senior Project II\DFDetect03\Feature1_datatest
Realtest110.png,67746,C:\Users\Michael\Desktop\Michael All\VS_Projects\Senior Project II\DFDetect03\Feature1_datatest
Realtest111.png,67635,C:\Users\Michael\Desktop\Michael All\VS_Projects\Senior Project II\DFDetect03\Feature1_datatest
Realtest112.png,64839,C:\Users\Michael\Desktop\Michael All\VS_Projects\Senior Project II\DFDetect03\Feature1_datatest
Realtest113.png,65953,C:\Users\Michael\Desktop\Michael All\VS_Projects\Senior Project II\DFDetect03\Feature1_datatest
Realtest114.png,65370,C:\Users\Michael\Desktop\Michael All\VS_Projects\Senior Project II\DFDetect03\Feature1_datatest
Realtest115.png,65521,C:\Users\Michael\Desktop\Michael All\VS_Projects\Senior Project II\DFDetect03\Feature1_datatest
Realtest116.png,65877,C:\Users\Michael\Desktop\Michael All\VS_Projects\Senior Project II\DFDetect03\Feature1_datatest
Realtest117.png,66408,C:\Users\Michael\Desktop\Michael All\VS_Projects\Senior Project II\DFDetect03\Feature1_datatest
Realtest118.png,66447,C:\Users\Michael\Desktop\Michael All\VS_Projects\Senior Project II\DFDetect03\Feature1_datatest
Realtest119.png,66568,C:\Users\Michael\Desktop\Michael All\VS_Projects\Senior Project II\DFDetect03\Feature1_datatest
Realtest12.png,69417,C:\Users\Michael\Desktop\Michael All\VS_Projects\Senior Project II\DFDetect03\Feature1_datatest
Realtest120.png,66564,C:\Users\Michael\Desktop\Michael All\VS_Projects\Senior Project II\DFDetect03\Feature1_datatest
Realtest121.png,65252,C:\Users\Michael\Desktop\Michael All\VS_Projects\Senior Project II\DFDetect03\Feature1_datatest
Realtest122.png,65997,C:\Users\Michael\Desktop\Michael All\VS_Projects\Senior Project II\DFDetect03\Feature1_datatest
Realtest123.png,66265,C:\Users\Michael\Desktop\Michael All\VS_Projects\Senior Project II\DFDetect03\Feature1_datatest
Realtest124.png,66283,C:\Users\Michael\Desktop\Michael All\VS_Projects\Senior Project II\DFDetect03\Feature1_datatest
Realtest125.png,66660,C:\Users\Michael\Desktop\Michael All\VS_Projects\Senior Project II\DFDetect03\Feature1_datatest
Realtest126.png,63898,C:\Users\Michael\Desktop\Michael All\VS_Projects\Senior Project II\DFDetect03\Feature1_datatest
Realtest127.png,66031,C:\Users\Michael\Desktop\Michael All\VS_Projects\Senior Project II\DFDetect03\Feature1_datatest
Realtest128.png,66549,C:\Users\Michael\Desktop\Michael All\VS_Projects\Senior Project II\DFDetect03\Feature1_datatest
Realtest129.png,66647,C:\Users\Michael\Desktop\Michael All\VS_Projects\Senior Project II\DFDetect03\Feature1_datatest
Realtest13.png,69255,C:\Users\Michael\Desktop\Michael All\VS_Projects\Senior Project II\DFDetect03\Feature1_datatest
Realtest130.png,66683,C:\Users\Michael\Desktop\Michael All\VS_Projects\Senior Project II\DFDetect03\Feature1_datatest
Realtest131.png,67226,C:\Users\Michael\Desktop\Michael All\VS_Projects\Senior Project II\DFDetect03\Feature1_datatest
Realtest132.png,67331,C:\Users\Michael\Desktop\Michael All\VS_Projects\Senior Project II\DFDetect03\Feature1_datatest
Realtest133.png,67389,C:\Users\Michael\Desktop\Michael All\VS_Projects\Senior Project II\DFDetect03\Feature1_datatest
Realtest134.png,67347,C:\Users\Michael\Desktop\Michael All\VS_Projects\Senior Project II\DFDetect03\Feature1_datatest
Realtest135.png,66883,C:\Users\Michael\Desktop\Michael All\VS_Projects\Senior Project II\DFDetect03\Feature1_datatest
Realtest136.png,67335,C:\Users\Michael\Desktop\Michael All\VS_Projects\Senior Project II\DFDetect03\Feature1_datatest
Realtest137.png,67294,C:\Users\Michael\Desktop\Michael All\VS_Projects\Senior Project II\DFDetect03\Feature1_datatest
Realtest138.png,67744,C:\Users\Michael\Desktop\Michael All\VS_Projects\Senior Project II\DFDetect03\Feature1_datatest
Realtest139.png,68179,C:\Users\Michael\Desktop\Michael All\VS_Projects\Senior Project II\DFDetect03\Feature1_datatest
Realtest14.png,65465,C:\Users\Michael\Desktop\Michael All\VS_Projects\Senior Project II\DFDetect03\Feature1_datatest
Realtest140.png,65464,C:\Users\Michael\Desktop\Michael All\VS_Projects\Senior Project II\DFDetect03\Feature1_datatest
Realtest141.png,65604,C:\Users\Michael\Desktop\Michael All\VS_Projects\Senior Project II\DFDetect03\Feature1_datatest
Realtest142.png,66024,C:\Users\Michael\Desktop\Michael All\VS_Projects\Senior Project II\DFDetect03\Feature1_datatest
Realtest143.png,66829,C:\Users\Michael\Desktop\Michael All\VS_Projects\Senior Project II\DFDetect03\Feature1_datatest
Realtest144.png,66613,C:\Users\Michael\Desktop\Michael All\VS_Projects\Senior Project II\DFDetect03\Feature1_datatest
Realtest145.png,66201,C:\Users\Michael\Desktop\Michael All\VS_Projects\Senior Project II\DFDetect03\Feature1_datatest
Realtest146.png,66438,C:\Users\Michael\Desktop\Michael All\VS_Projects\Senior Project II\DFDetect03\Feature1_datatest
Realtest147.png,66961,C:\Users\Michael\Desktop\Michael All\VS_Projects\Senior Project II\DFDetect03\Feature1_datatest
Realtest148.png,67154,C:\Users\Michael\Desktop\Michael All\VS_Projects\Senior Project II\DFDetect03\Feature1_datatest
Realtest149.png,67165,C:\Users\Michael\Desktop\Michael All\VS_Projects\Senior Project II\DFDetect03\Feature1_datatest
Realtest15.png,67017,C:\Users\Michael\Desktop\Michael All\VS_Projects\Senior Project II\DFDetect03\Feature1_datatest
Realtest16.png,66512,C:\Users\Michael\Desktop\Michael All\VS_Projects\Senior Project II\DFDetect03\Feature1_datatest
Realtest17.png,66835,C:\Users\Michael\Desktop\Michael All\VS_Projects\Senior Project II\DFDetect03\Feature1_datatest
Realtest18.png,67915,C:\Users\Michael\Desktop\Michael All\VS_Projects\Senior Project II\DFDetect03\Feature1_datatest
Realtest19.png,67275,C:\Users\Michael\Desktop\Michael All\VS_Projects\Senior Project II\DFDetect03\Feature1_datatest
Realtest2.png,65868,C:\Users\Michael\Desktop\Michael All\VS_Projects\Senior Project II\DFDetect03\Feature1_datatest
Realtest20.png,67420,C:\Users\Michael\Desktop\Michael All\VS_Projects\Senior Project II\DFDetect03\Feature1_datatest
Realtest21.png,68600,C:\Users\Michael\Desktop\Michael All\VS_Projects\Senior Project II\DFDetect03\Feature1_datatest
Realtest22.png,67444,C:\Users\Michael\Desktop\Michael All\VS_Projects\Senior Project II\DFDetect03\Feature1_datatest
Realtest23.png,67492,C:\Users\Michael\Desktop\Michael All\VS_Projects\Senior Project II\DFDetect03\Feature1_datatest
Realtest24.png,68074,C:\Users\Michael\Desktop\Michael All\VS_Projects\Senior Project II\DFDetect03\Feature1_datatest
Realtest25.png,68409,C:\Users\Michael\Desktop\Michael All\VS_Projects\Senior Project II\DFDetect03\Feature1_datatest
Realtest26.png,67937,C:\Users\Michael\Desktop\Michael All\VS_Projects\Senior Project II\DFDetect03\Feature1_datatest
Realtest27.png,68964,C:\Users\Michael\Desktop\Michael All\VS_Projects\Senior Project II\DFDetect03\Feature1_datatest
Realtest28.png,64953,C:\Users\Michael\Desktop\Michael All\VS_Projects\Senior Project II\DFDetect03\Feature1_datatest
Realtest29.png,65474,C:\Users\Michael\Desktop\Michael All\VS_Projects\Senior Project II\DFDetect03\Feature1_datatest
Realtest3.png,67155,C:\Users\Michael\Desktop\Michael All\VS_Projects\Senior Project II\DFDetect03\Feature1_datatest
Realtest30.png,66830,C:\Users\Michael\Desktop\Michael All\VS_Projects\Senior Project II\DFDetect03\Feature1_datatest
Realtest31.png,66658,C:\Users\Michael\Desktop\Michael All\VS_Projects\Senior Project II\DFDetect03\Feature1_datatest
Realtest32.png,66828,C:\Users\Michael\Desktop\Michael All\VS_Projects\Senior Project II\DFDetect03\Feature1_datatest
Realtest33.png,67437,C:\Users\Michael\Desktop\Michael All\VS_Projects\Senior Project II\DFDetect03\Feature1_datatest
Realtest34.png,66871,C:\Users\Michael\Desktop\Michael All\VS_Projects\Senior Project II\DFDetect03\Feature1_datatest
Realtest35.png,66951,C:\Users\Michael\Desktop\Michael All\VS_Projects\Senior Project II\DFDetect03\Feature1_datatest
Realtest36.png,67061,C:\Users\Michael\Desktop\Michael All\VS_Projects\Senior Project II\DFDetect03\Feature1_datatest
Realtest37.png,68590,C:\Users\Michael\Desktop\Michael All\VS_Projects\Senior Project II\DFDetect03\Feature1_datatest
Realtest38.png,68712,C:\Users\Michael\Desktop\Michael All\VS_Projects\Senior Project II\DFDetect03\Feature1_datatest
Realtest39.png,68704,C:\Users\Michael\Desktop\Michael All\VS_Projects\Senior Project II\DFDetect03\Feature1_datatest
Realtest4.png,67259,C:\Users\Michael\Desktop\Michael All\VS_Projects\Senior Project II\DFDetect03\Feature1_datatest
Realtest40.png,67909,C:\Users\Michael\Desktop\Michael All\VS_Projects\Senior Project II\DFDetect03\Feature1_datatest
Realtest41.png,68094,C:\Users\Michael\Desktop\Michael All\VS_Projects\Senior Project II\DFDetect03\Feature1_datatest
Realtest42.png,66933,C:\Users\Michael\Desktop\Michael All\VS_Projects\Senior Project II\DFDetect03\Feature1_datatest
Realtest43.png,66947,C:\Users\Michael\Desktop\Michael All\VS_Projects\Senior Project II\DFDetect03\Feature1_datatest
Realtest44.png,66515,C:\Users\Michael\Desktop\Michael All\VS_Projects\Senior Project II\DFDetect03\Feature1_datatest
Realtest45.png,66578,C:\Users\Michael\Desktop\Michael All\VS_Projects\Senior Project II\DFDetect03\Feature1_datatest
Realtest46.png,67290,C:\Users\Michael\Desktop\Michael All\VS_Projects\Senior Project II\DFDetect03\Feature1_datatest
Realtest47.png,67365,C:\Users\Michael\Desktop\Michael All\VS_Projects\Senior Project II\DFDetect03\Feature1_datatest
Realtest48.png,67241,C:\Users\Michael\Desktop\Michael All\VS_Projects\Senior Project II\DFDetect03\Feature1_datatest
Realtest49.png,66816,C:\Users\Michael\Desktop\Michael All\VS_Projects\Senior Project II\DFDetect03\Feature1_datatest
Realtest5.png,67615,C:\Users\Michael\Desktop\Michael All\VS_Projects\Senior Project II\DFDetect03\Feature1_datatest
Realtest50.png,67037,C:\Users\Michael\Desktop\Michael All\VS_Projects\Senior Project II\DFDetect03\Feature1_datatest
Realtest51.png,67093,C:\Users\Michael\Desktop\Michael All\VS_Projects\Senior Project II\DFDetect03\Feature1_datatest
Realtest52.png,67465,C:\Users\Michael\Desktop\Michael All\VS_Projects\Senior Project II\DFDetect03\Feature1_datatest
Realtest53.png,66936,C:\Users\Michael\Desktop\Michael All\VS_Projects\Senior Project II\DFDetect03\Feature1_datatest
Realtest54.png,66843,C:\Users\Michael\Desktop\Michael All\VS_Projects\Senior Project II\DFDetect03\Feature1_datatest
Realtest55.png,67238,C:\Users\Michael\Desktop\Michael All\VS_Projects\Senior Project II\DFDetect03\Feature1_datatest
Realtest56.png,63974,C:\Users\Michael\Desktop\Michael All\VS_Projects\Senior Project II\DFDetect03\Feature1_datatest
Realtest57.png,64044,C:\Users\Michael\Desktop\Michael All\VS_Projects\Senior Project II\DFDetect03\Feature1_datatest
Realtest58.png,66778,C:\Users\Michael\Desktop\Michael All\VS_Projects\Senior Project II\DFDetect03\Feature1_datatest
Realtest59.png,65863,C:\Users\Michael\Desktop\Michael All\VS_Projects\Senior Project II\DFDetect03\Feature1_datatest
Realtest6.png,68394,C:\Users\Michael\Desktop\Michael All\VS_Projects\Senior Project II\DFDetect03\Feature1_datatest
Realtest60.png,65941,C:\Users\Michael\Desktop\Michael All\VS_Projects\Senior Project II\DFDetect03\Feature1_datatest
Realtest61.png,64099,C:\Users\Michael\Desktop\Michael All\VS_Projects\Senior Project II\DFDetect03\Feature1_datatest
Realtest62.png,63913,C:\Users\Michael\Desktop\Michael All\VS_Projects\Senior Project II\DFDetect03\Feature1_datatest
Realtest63.png,64084,C:\Users\Michael\Desktop\Michael All\VS_Projects\Senior Project II\DFDetect03\Feature1_datatest
Realtest64.png,64992,C:\Users\Michael\Desktop\Michael All\VS_Projects\Senior Project II\DFDetect03\Feature1_datatest
Realtest65.png,65548,C:\Users\Michael\Desktop\Michael All\VS_Projects\Senior Project II\DFDetect03\Feature1_datatest
Realtest66.png,64672,C:\Users\Michael\Desktop\Michael All\VS_Projects\Senior Project II\DFDetect03\Feature1_datatest
Realtest67.png,66272,C:\Users\Michael\Desktop\Michael All\VS_Projects\Senior Project II\DFDetect03\Feature1_datatest
Realtest68.png,67680,C:\Users\Michael\Desktop\Michael All\VS_Projects\Senior Project II\DFDetect03\Feature1_datatest
Realtest69.png,67837,C:\Users\Michael\Desktop\Michael All\VS_Projects\Senior Project II\DFDetect03\Feature1_datatest
Realtest7.png,67519,C:\Users\Michael\Desktop\Michael All\VS_Projects\Senior Project II\DFDetect03\Feature1_datatest
Realtest70.png,64024,C:\Users\Michael\Desktop\Michael All\VS_Projects\Senior Project II\DFDetect03\Feature1_datatest
Realtest71.png,64801,C:\Users\Michael\Desktop\Michael All\VS_Projects\Senior Project II\DFDetect03\Feature1_datatest
Realtest72.png,65917,C:\Users\Michael\Desktop\Michael All\VS_Projects\Senior Project II\DFDetect03\Feature1_datatest
Realtest73.png,67045,C:\Users\Michael\Desktop\Michael All\VS_Projects\Senior Project II\DFDetect03\Feature1_datatest
Realtest74.png,67051,C:\Users\Michael\Desktop\Michael All\VS_Projects\Senior Project II\DFDetect03\Feature1_datatest
Realtest75.png,66651,C:\Users\Michael\Desktop\Michael All\VS_Projects\Senior Project II\DFDetect03\Feature1_datatest
Realtest76.png,66385,C:\Users\Michael\Desktop\Michael All\VS_Projects\Senior Project II\DFDetect03\Feature1_datatest
Realtest77.png,66631,C:\Users\Michael\Desktop\Michael All\VS_Projects\Senior Project II\DFDetect03\Feature1_datatest
Realtest78.png,66613,C:\Users\Michael\Desktop\Michael All\VS_Projects\Senior Project II\DFDetect03\Feature1_datatest
Realtest79.png,67461,C:\Users\Michael\Desktop\Michael All\VS_Projects\Senior Project II\DFDetect03\Feature1_datatest
Realtest8.png,68345,C:\Users\Michael\Desktop\Michael All\VS_Projects\Senior Project II\DFDetect03\Feature1_datatest
Realtest80.png,67319,C:\Users\Michael\Desktop\Michael All\VS_Projects\Senior Project II\DFDetect03\Feature1_datatest
Realtest81.png,67079,C:\Users\Michael\Desktop\Michael All\VS_Projects\Senior Project II\DFDetect03\Feature1_datatest
Realtest82.png,67513,C:\Users\Michael\Desktop\Michael All\VS_Projects\Senior Project II\DFDetect03\Feature1_datatest
Realtest83.png,67930,C:\Users\Michael\Desktop\Michael All\VS_Projects\Senior Project II\DFDetect03\Feature1_datatest
Realtest84.png,64905,C:\Users\Michael\Desktop\Michael All\VS_Projects\Senior Project II\DFDetect03\Feature1_datatest
Realtest85.png,65505,C:\Users\Michael\Desktop\Michael All\VS_Projects\Senior Project II\DFDetect03\Feature1_datatest
Realtest86.png,66279,C:\Users\Michael\Desktop\Michael All\VS_Projects\Senior Project II\DFDetect03\Feature1_datatest
Realtest87.png,65606,C:\Users\Michael\Desktop\Michael All\VS_Projects\Senior Project II\DFDetect03\Feature1_datatest
Realtest88.png,65728,C:\Users\Michael\Desktop\Michael All\VS_Projects\Senior Project II\DFDetect03\Feature1_datatest
Realtest89.png,66517,C:\Users\Michael\Desktop\Michael All\VS_Projects\Senior Project II\DFDetect03\Feature1_datatest
Realtest9.png,68176,C:\Users\Michael\Desktop\Michael All\VS_Projects\Senior Project II\DFDetect03\Feature1_datatest
Realtest90.png,66984,C:\Users\Michael\Desktop\Michael All\VS_Projects\Senior Project II\DFDetect03\Feature1_datatest
Realtest91.png,66738,C:\Users\Michael\Desktop\Michael All\VS_Projects\Senior Project II\DFDetect03\Feature1_datatest
Realtest92.png,67274,C:\Users\Michael\Desktop\Michael All\VS_Projects\Senior Project II\DFDetect03\Feature1_datatest
Realtest93.png,67788,C:\Users\Michael\Desktop\Michael All\VS_Projects\Senior Project II\DFDetect03\Feature1_datatest
Realtest94.png,67910,C:\Users\Michael\Desktop\Michael All\VS_Projects\Senior Project II\DFDetect03\Feature1_datatest
Realtest95.png,67599,C:\Users\Michael\Desktop\Michael All\VS_Projects\Senior Project II\DFDetect03\Feature1_datatest
Realtest96.png,67938,C:\Users\Michael\Desktop\Michael All\VS_Projects\Senior Project II\DFDetect03\Feature1_datatest
Realtest97.png,68625,C:\Users\Michael\Desktop\Michael All\VS_Projects\Senior Project II\DFDetect03\Feature1_datatest
Realtest98.png,64866,C:\Users\Michael\Desktop\Michael All\VS_Projects\Senior Project II\DFDetect03\Feature1_datatest
Realtest99.png,65287,C:\Users\Michael\Desktop\Michael All\VS_Projects\Senior Project II\DFDetect03\Feature1_datatest
